{
    "ILE":
    {
        "C3H0s": 0.83639402828931964,
        "C4H1s": 0.70453289831704302,
        "C4H1b": 0.75618539029909893,
        "C4H2b": 0.6821889634445879,
        "O1H0u": 0.61762266719771064,
        "C4H3u": 0.60361371621948945,
        "N3H1s": 0.79258650005058773
    }, "GLN":
    {
        "C3H0s": 0.83352294293945928,
        "N3H2u": 0.62303908205849368,
        "C4H1s": 0.77345189139458892,
        "C3H0b": 0.71934649473088352,
        "C4H2s": 0.6522187743391914,
        "O1H0u": 0.57663584381648902,
        "N3H1s": 0.75190151586301845
    }, "GLY":
    {
        "C3H0b": 0.77465414769567398,
        "C4H2s": 0.68255964675318725,
        "O1H0u": 0.60236820107620981,
        "N3H1s": 0.72631897712770876
    }, "GLU":
    {
        "C3H0s": 0.84112493582794912,
        "C3H0b": 0.63597612958226768,
        "C4H1s": 0.77397701544040554,
        "C4H2s": 0.68415242935409459,
        "O1H0u": 0.62253117128047619,
        "N3H1s": 0.7418602479529981
    }, "CYS":
    {
        "C3H0s": 0.83137479858424568,
        "C4H1s": 0.77527017060444359,
        "N3H1s": 0.78318695961658769,
        "C4H2b": 0.71445498006562813,
        "O1H0u": 0.61718264472432494,
        "S2H1u": 0.65329186427569219
    }, "ASP":
    {
        "C3H0s": 0.81260620403796091,
        "C3H0b": 0.73368763477226395,
        "C4H1s": 0.78551271934142131,
        "C4H2s": 0.66772508812796649,
        "O1H0u": 0.62241240068676196,
        "N3H1s": 0.73479090133635294
    }, "SER":
    {
        "C3H0s": 0.78897375317606022,
        "C4H1s": 0.78017038890042778,
        "O2H1u": 0.58313718161702299,
        "C4H2s": 0.67601019293775033,
        "O1H0u": 0.59874217064841528,
        "N3H1s": 0.72141087539659821
    }, "LYS":
    {
        "C3H0s": 0.83303872867270834,
        "C4H1s": 0.79023373188988921,
        "C4H2s": 0.60556530204919223,
        "O1H0u": 0.56570304920474934,
        "N3H1s": 0.76926456184777336
    }, "PRO":
    {
        "C4H1b": 0.78638526526268926,
        "C3H0s": 0.81343749558514777,
        "C4H2b": 0.61282282653116993,
        "N3H0u": 0.85263043211633993,
        "O1H0u": 0.6597340279509285
    }, "ASN":
    {
        "C3H0s": 0.79928772210088261,
        "N3H2u": 0.62409900830444243,
        "C4H1s": 0.76107691203212569,
        "C3H0b": 0.77930986675254321,
        "C4H2s": 0.62444122873088437,
        "O1H0u": 0.59757278235433731,
        "N3H1s": 0.73019262503648663
    }, "VAL":
    {
        "C3H0s": 0.82781150337082521,
        "C4H1s": 0.78428450311485176,
        "C4H1b": 0.72146885159629737,
        "C4H3u": 0.5656690627593709,
        "O1H0u": 0.63509885719427961,
        "N3H1s": 0.78076216499115203
    }, "THR":
    {
        "C3H0s": 0.83085711403060358,
        "C4H1s": 0.771113044323811,
        "C4H1b": 0.76463700234192045,
        "C4H3u": 0.53431494883953079,
        "O1H0u": 0.61455793054977148,
        "N3H1s": 0.73381514932153269
    }, "HOH":
    {
        "O2H2u": 0.5652273551800171
    }, "HIS":
    {
        "C3H0s": 0.84403815458249232,
        "C3H0b": 0.8622739943034583,
        "C4H1s": 0.80185424614724843,
        "C4H2s": 0.67984344422700593,
        "C3H1s": 0.68160813207698201,
        "O1H0u": 0.62877413406890659,
        "N3H1s": 0.75853517914409496,
        "N3H1b": 0.64680782774557999
    }, "TRP":
    {
        "C3H0s": 0.80752310752310752,
        "C3H0b": 0.80966328181477776,
        "C4H1s": 0.80202874516307343,
        "N3H1s": 0.80342586351467826,
        "C4H2s": 0.67575187546447846,
        "O1H0u": 0.61737576796088101,
        "C3H1b": 0.72076246565225421
    }, "PHE":
    {
        "C3H0s": 0.8138608467271774,
        "C3H0b": 0.86004718941016722,
        "C4H1s": 0.802516508322066,
        "C3H1b": 0.62924128225805354,
        "C4H2s": 0.69419542393848044,
        "O1H0u": 0.61259552358402813,
        "N3H1s": 0.77715216422540567,
        "C3H1s": 0.68583471930667239
    }, "ALA":
    {
        "C3H0s": 0.80813432507353267,
        "C4H3u": 0.52018151421065195,
        "C4H1b": 0.77345905643922053,
        "O1H0u": 0.64490726200086146,
        "N3H1s": 0.76930603386749341
    }, "MET":
    {
        "C3H0s": 0.83972868187645844,
        "S2H0u": 0.62544968189216599,
        "C4H1s": 0.82294152788646002,
        "C4H2b": 0.71550420545568905,
        "C4H2s": 0.71630720151572502,
        "O1H0u": 0.65045596956473095,
        "C4H3u": 0.55630091952374427,
        "N3H1s": 0.80722964005047348
    }, "LEU":
    {
        "C3H0s": 0.85358189038797683,
        "C4H1s": 0.77249334033607697,
        "C4H1b": 0.74588944219459108,
        "C4H3u": 0.58338139468377814,
        "C4H2s": 0.67959667992647799,
        "O1H0u": 0.68384119540147381,
        "N3H1s": 0.812843841762945
    }, "MES":
    {
        " ": 0.66566482021450679
    }, "ARG":
    {
        "C3H0s": 0.81902691887638424,
        "C3H0b": 0.81630012936610608,
        "C4H1s": 0.72480836283848971,
        "C4H2s": 0.67435095049113425,
        "O1H0u": 0.59225049582135747,
        "N3H1s": 0.7905564454658186
    }, "TYR":
    {
        "C3H0s": 0.83086378811793837,
        "C3H0b": 0.84204615996735588,
        "C4H1s": 0.7835868805781806,
        "C4H2s": 0.68923604735139432,
        "O1H0u": 0.62749184540054925,
        "N3H1s": 0.75548216239206356,
        "C3H1s": 0.63499993362913409
    }
}