{"ILE": {"C3H0s": 0.087156556155864762, " ": 0.0, "C4H1s": 0.064670464960062748, "C4H1b": 0.08610968285591046, "C4H2b": 0.13527183467052417, "O1H0u": 0.16515487710016977, "C4H3u": 0.11672702013414683, "N3H1s": 0.12318229504893274}, "GLN": {"C3H0s": 0.073133535292883078, "N3H2u": 0.15230975051730691, "C4H1s": 0.091407651047450744, "C3H0b": 0.076418648108786083, "C4H2s": 0.10638010248975437, "O1H0u": 0.14456449875991864, "N3H1s": 0.079422689295181259}, "G": {"N3H2u": 0.1264429642765097, "C4H1b": 0.15058140134559247, "P4H0u": 0.044553819840701295, "O1H0u": 0.090011211566487365, "O2H0b": 0.1285059905231028, "N3H0u": 0.06935315339376863, "C3H0s": 0.11144171397208598, "C4H1s": 0.072657675365152816, "N2H0b": 0.14778334086532605, "O2H1u": 0.1348049454387811, "C4H2s": 0.099531133164927274, "O2H0s": 0.14265477808476834, "N3H1s": 0.12897241547612112, "C3H1s": 0.10944113206897467}, "GLY": {"C3H0b": 0.13174961472889726, "C4H2s": 0.13785106689190038, "O1H0u": 0.17173955935417506, "N3H1s": 0.13979644857336551}, "GLU": {"C3H0s": 0.050704027542144932, "C3H0b": 0.056636336022074636, "C4H1s": 0.10141379618379177, "C4H2s": 0.11038126991174604, "O1H0u": 0.15830136835578393, "N3H1s": 0.087196619645742532}, "CYS": {"C3H0s": 0.070169974604398277, "C4H1s": 0.085600963898369645, "N3H1s": 0.14199988092193691, "C4H2b": 0.13291332169704731, "O1H0u": 0.16373367295510949, "S2H1u": 0.1493086655094733}, "HIS": {"C3H0s": 0.054073917914824028, "C3H0b": 0.075460575416700842, "C4H1s": 0.10259416254902211, "C4H2s": 0.12941154742828839, "C3H1s": 0.16076985418067918, "O1H0u": 0.14810772108053871, "N3H1s": 0.11273790004125839, "N3H1b": 0.14328788531864031}, "SER": {"C3H0s": 0.034786824527849446, "C4H1s": 0.09782033736831143, "O2H1u": 0.14487542564277645, "C4H2s": 0.13126134939519843, "O1H0u": 0.13850542669397684, "N3H1s": 0.10183495861143546}, "LYS": {"C3H0s": 0.096198586814262507, " ": 0.0, "C4H1s": 0.11902259122763953, "C4H2b": 0.054684811043996438, "C4H2s": 0.10583346805387052, "O1H0u": 0.13599567988686961, "N3H1s": 0.12332021850701889, "N4H3u": 0.040266842973922738}, "PRO": {"C3H0s": 0.060286310601266588, "C4H1b": 0.13732401993967655, "C4H2b": 0.09657884885561803, "C4H2s": 0.091570319850738241, "O1H0u": 0.16576406980689717, "N3H0u": 0.048511956459797397}, "ASN": {"C3H0s": 0.077320621723943508, "N3H2u": 0.13421672379050237, "C4H1s": 0.11231399401202097, "C3H0b": 0.088163238224438861, "C4H2s": 0.10235891384192632, "O1H0u": 0.16878991006181907, "N3H1s": 0.096420463682584626}, "A": {"N3H2u": 0.13883228350254995, "N3H0u": 0.10430556297369403, "P4H0u": 0.048066847466755318, "N2H0s": 0.17011900730534593, "O1H0u": 0.04301183828483704, "O2H0b": 0.1399227298812972, "C3H0s": 0.1636955766839443, "C4H1s": 0.12702897929075183, "C4H1b": 0.14346512785469992, "N2H0b": 0.13419937736590598, "O2H1u": 0.091538535683222705, "C4H2s": 0.1031355212237815, "O2H0s": 0.13465012990365952, "C3H1s": 0.13721857727117684}, "C": {"N3H2u": 0.12755251247935251, "C4H1b": 0.13332472653662619, "P4H0u": 0.033817496091865601, "N2H0s": 0.18881001641405146, "O2H0s": 0.1371940182918093, "O2H0b": 0.11721410710860686, "N3H0u": 0.07919022049018988, "C3H1b": 0.081999871362641183, "C3H0s": 0.12290811765852686, "C4H1s": 0.14553222806456304, "C3H1t": 0.094078672366458796, "O2H1u": 0.10006215439987312, "C4H2s": 0.052758780041809394, "O1H0u": 0.14503054291192324}, "VAL": {"C3H0s": 0.063244191007297279, "C4H1s": 0.091086932154516367, "C4H1b": 0.10878795402401964, "C4H3u": 0.10959801098163124, "O1H0u": 0.17759085030479807, "N3H1s": 0.14656298324956277}, "THR": {"C3H0s": 0.046713749557228082, "C4H1s": 0.10659264581316455, "C4H1b": 0.11158686943100546, "O2H1u": 0.10223493876669358, "O1H0u": 0.16396611076384551, "C4H3u": 0.075164045992428277, "N3H1s": 0.11512952500119043}, "HOH": {"O2H2u": 0.056134182732928042}, "ASP": {"C3H0s": 0.069679784315730728, "C3H0b": 0.090127337969592616, "C4H1s": 0.10433020845770195, "C4H2s": 0.13368404032443018, "O1H0u": 0.17366026341893909, "N3H1s": 0.10911885722406427}, "U": {"C4H1b": 0.12635978269234505, "P4H0u": 0.039901090912628147, "O2H0s": 0.16487934479080632, "O2H0b": 0.11952747092513205, "C3H1b": 0.070073556266302781, "C3H0s": 0.13075799925111936, "C4H2s": 0.066043544281800828, "C4H1s": 0.10612073515540904, "C3H1t": 0.080903139355445727, "O2H1u": 0.15019401274366218, "N3H0u": 0.076896572898399171, "O1H0u": 0.14864515637593859, "N3H1s": 0.19372037574758486}, "SO4": {" ": 0.16584551062490782}, "TRP": {"C3H0s": 0.013583713583713575, "C3H0b": 0.053612852831932192, "C4H1s": 0.0057324488667772067, "N3H1s": 0.014916288160806646, "N3H1b": 0.0046908659971551525, "C4H2s": 0.0002830656673104559, "O1H0u": 0.012446190496092302, "C3H1b": 0.16054699584959767, "C3H1s": 0.018968380158686571}, "PHE": {"C3H0s": 0.074926803611904555, "C3H0b": 0.049267474921658304, "C4H1s": 0.12424378885729541, "C3H1b": 0.12039995332191196, "C4H2s": 0.11402965393971526, "O1H0u": 0.15172459762783314, "N3H1s": 0.12664611413454868, "C3H1s": 0.1109854296809121}, "ALA": {"C3H0s": 0.045652613910601471, "C4H3u": 0.10563945270546311, "C4H1b": 0.13054186811358254, "O1H0u": 0.15156634408414521, "N3H1s": 0.09793058426593225}, "MET": {"C3H0s": 0.067665059412493886, "S2H0u": 0.14089020747518244, "C4H1s": 0.12386077568205893, "C4H2b": 0.12307534146583841, "C4H2s": 0.13675821948807743, "O1H0u": 0.15036673686772714, "C4H3u": 0.11955014864248145, "N3H1s": 0.19408839797657354}, "LEU": {"C3H0s": 0.077962611763611592, "C4H1s": 0.090349201826753406, "C4H1b": 0.08581113909339301, "C4H3u": 0.10046424457781467, "C4H2s": 0.091250874587590541, "O1H0u": 0.17031515856923807, "N3H1s": 0.080399164543514048}, "MES": {" ": 0.15566178726088808}, "ARG": {"C3H0s": 0.073902222989934263, "C3H0b": 0.070186916355720885, "C4H1s": 0.078667064880734869, "N3H2u": 0.084416904748763913, "C4H2s": 0.13144637130954112, "O1H0u": 0.13279019592701052, "N3H1s": 0.11660800905551029, "N3H1b": 0.075747081003014069}, "TYR": {"C3H0s": 0.062432399169192083, "C3H0b": 0.11187083057735163, "C4H1s": 0.09161848987557665, "O2H1u": 0.10537460509482695, "C4H2s": 0.084475654160304739, "O1H0u": 0.12237491496395701, "N3H1s": 0.044475731784201111, "C3H1s": 0.11124705882380628}}