{"ILE": {"C3H0s": 0.80235142000897575, " ": 0.21105651105651105, "C4H1s": 0.65153092313136141, "C4H1b": 0.70589010210065151, "C4H2b": 0.53988992863923557, "O1H0u": 0.49684114191482348, "C4H3u": 0.46412556419317585, "N3H1s": 0.74939465310068243}, "GLN": {"C3H0s": 0.79312082571930886, "N3H2u": 0.39672540859437616, "C4H1s": 0.72883790718684738, "C3H0b": 0.6576199326547022, "C4H2s": 0.54784748519511939, "O1H0u": 0.40843959349302866, "N3H1s": 0.71517604403421853}, "G": {"N3H2u": 0.49636187134351206, "C4H1b": 0.6038833575242516, "P4H0u": 0.66575102068501135, "O1H0u": 0.26465825735063098, "O2H0b": 0.5143868178867852, "N3H0u": 0.84877292431226092, "C3H0s": 0.79834903216468656, "C4H1s": 0.76121684774743292, "N2H0b": 0.47765621818474563, "O2H1u": 0.32728208406743958, "C4H2s": 0.4523531981119206, "O2H0s": 0.56571557720110988, "N3H1s": 0.73786912956088846, "C3H1s": 0.5256907909337083}, "GLY": {"C3H0b": 0.68559881854870341, "C4H2s": 0.466432064437873, "O1H0u": 0.36916513393382255, "N3H1s": 0.60784161375362222}, "GLU": {"C3H0s": 0.81050305493524444, "C3H0b": 0.52125042100200314, "C4H1s": 0.62221910522450863, "C4H2s": 0.45958757452071103, "O1H0u": 0.32009122576163662, "N3H1s": 0.68573514140785852}, "CYS": {"C3H0s": 0.79277359912066947, "C4H1s": 0.69729696889682169, "N3H1s": 0.73862191128100452, "C4H2b": 0.56988350201446913, "O1H0u": 0.49043908896093052, "S2H1u": 0.53816607380123105}, "HIS": {"C3H0s": 0.83189903642576191, "C3H0b": 0.80875004029852804, "C4H1s": 0.67447258763001894, "C4H2s": 0.55446285424987096, "C3H1s": 0.48199450225357848, "O1H0u": 0.53724642968177239, "N3H1s": 0.66266737155550171, "N3H1b": 0.44401540277150503}, "SER": {"C3H0s": 0.78793916339473768, "C4H1s": 0.71782376564657713, "O2H1u": 0.36738083643193059, "C4H2s": 0.40722550375136213, "O1H0u": 0.49163966411748056, "N3H1s": 0.63289652584728595}, "LYS": {"C3H0s": 0.76111600399213108, " ": 0.21126760563380284, "C4H1s": 0.66153685081270153, "C4H2b": 0.3507460156948301, "C4H2s": 0.47290348520837189, "O1H0u": 0.40765730057967864, "N3H1s": 0.69922017840311457, "N4H3u": 0.24124190197860607}, "PRO": {"C3H0s": 0.75555034011848288, "C4H1b": 0.6406610927136519, "C4H2b": 0.35434521013976855, "C4H2s": 0.45801671500849267, "O1H0u": 0.3734220291404115, "N3H0u": 0.81605441380425026}, "ASN": {"C3H0s": 0.76101840622611883, "N3H2u": 0.43499845300205864, "C4H1s": 0.66320028916792462, "C3H0b": 0.69411550267878763, "C4H2s": 0.51461828708250501, "O1H0u": 0.4338099897758062, "N3H1s": 0.686721336842255}, "A": {"N3H2u": 0.40450112139699262, "N3H0u": 0.79321519518545636, "P4H0u": 0.67058711420256645, "N2H0s": 0.61531660169596536, "O1H0u": 0.22801502493666323, "O2H0b": 0.55625840544516192, "C3H0s": 0.75089874714834304, "C4H1s": 0.69643924384891365, "C4H1b": 0.58035344272068168, "N2H0b": 0.43099961327928638, "O2H1u": 0.29772374368302751, "C4H2s": 0.45622978366932565, "O2H0s": 0.47970413046945337, "C3H1s": 0.51656057851415049}, "C": {"N3H2u": 0.38749272765096893, "C4H1b": 0.58916134756185667, "P4H0u": 0.66707640123831724, "N2H0s": 0.69494926303647775, "O2H0s": 0.6078733794825506, "O2H0b": 0.50071166518632992, "N3H0u": 0.82111303838632588, "C3H1b": 0.43455832357798668, "C3H0s": 0.77541900405441755, "C4H1s": 0.7240118582962688, "C3H1t": 0.61885003628170487, "O2H1u": 0.30389449819451247, "C4H2s": 0.41944336588295528, "O1H0u": 0.30698272812888638}, "VAL": {"C3H0s": 0.8037119731022544, "C4H1s": 0.70172342019729916, "C4H1b": 0.65136846243006641, "C4H3u": 0.42547997986144132, "O1H0u": 0.47930341448069907, "N3H1s": 0.71552122782937122}, "THR": {"C3H0s": 0.83085711403060358, "C4H1s": 0.65490875754591316, "C4H1b": 0.56434804059022647, "O2H1u": 0.33212945087146267, "O1H0u": 0.51153622232341567, "C4H3u": 0.31465866298892559, "N3H1s": 0.65153904420155939}, "HOH": {"O2H2u": 0.5652273551800171}, "ASP": {"C3H0s": 0.79419656464381772, "C3H0b": 0.58084522998158072, "C4H1s": 0.69226387802639078, "C4H2s": 0.48866419459162025, "O1H0u": 0.38132585746149761, "N3H1s": 0.65385670963118958}, "U": {"C4H1b": 0.608436681757065, "P4H0u": 0.6606327709970411, "O2H0s": 0.59070566586124529, "O2H0b": 0.5720876047008091, "C3H1b": 0.41265604998702593, "C3H0s": 0.71803583710257191, "C4H2s": 0.44343425346198817, "C4H1s": 0.73630691211953836, "C3H1t": 0.64964017691508569, "O2H1u": 0.36478247862822016, "N3H0u": 0.80792521004218132, "O1H0u": 0.3106575857532422, "N3H1s": 0.59976298422998364}, "SO4": {" ": 0.35676085892206683}, "TRP": {"C3H0s": 0.80752310752310752, "C3H0b": 0.80966328181477776, "C4H1s": 0.80202874516307343, "N3H1s": 0.80342586351467826, "N3H1b": 0.29756177158482378, "C4H2s": 0.67575187546447846, "O1H0u": 0.61737576796088101, "C3H1b": 0.49607688929200944, "C3H1s": 0.58805503121255076}, "PHE": {"C3H0s": 0.78187630457226209, "C3H0b": 0.85477476795388174, "C4H1s": 0.70851024359462844, "C3H1b": 0.51059989420724605, "C4H2s": 0.56230585277916545, "O1H0u": 0.50860619859291156, "N3H1s": 0.65685785235970362, "C3H1s": 0.60005706351728394}, "ALA": {"C3H0s": 0.78085186940520634, "C4H3u": 0.40571788916980511, "C4H1b": 0.65396208333741179, "O1H0u": 0.44948069172175947, "N3H1s": 0.6882006641026196}, "MET": {"C3H0s": 0.7778845335639315, "S2H0u": 0.4848630798498284, "C4H1s": 0.7330617612167809, "C4H2b": 0.51723540926401235, "C4H2s": 0.52707013843562267, "O1H0u": 0.42523750616566797, "C4H3u": 0.36734294873841922, "N3H1s": 0.65078336926672031}, "LEU": {"C3H0s": 0.82055584078421295, "C4H1s": 0.70770361945817062, "C4H1b": 0.7240713955154241, "C4H3u": 0.49803102702066704, "C4H2s": 0.59502212972099977, "O1H0u": 0.58528675362973803, "N3H1s": 0.76678105797086205}, "MES": {" ": 0.50999156018368208}, "ARG": {"C3H0s": 0.77157016393589894, "C3H0b": 0.58933049435493112, "C4H1s": 0.61381486692629728, "N3H2u": 0.2915755597820896, "C4H2s": 0.46533381012282782, "O1H0u": 0.44051488543766282, "N3H1s": 0.71001068230784636, "N3H1b": 0.39644289403427185}, "TYR": {"C3H0s": 0.83086378811793837, "C3H0b": 0.78244494129956432, "C4H1s": 0.72082903891361116, "O2H1u": 0.32610009047267507, "C4H2s": 0.64478580493977766, "O1H0u": 0.57539579058639923, "N3H1s": 0.75465844113876379, "C3H1s": 0.53257682198549616}}