{"ILE": {"C3H0s": 0.029736887437619708, "C4H1s": 0.013393211201636465, "C4H1b": 0.040471243248104555, "C4H2b": 0.058548223876306843, "O1H0u": 0.037468752355281125, "C4H3u": 0.090819512839584435, "N3H1s": 0.040862221458446452}, "GLN": {"C3H0s": 0.052617931087591545, "N3H2u": 0.00017443028451202824, "C4H1s": 0.067417341485683902, "C3H0b": 0.03616187697016475, "C4H2s": 0.026400900410972501, "O1H0u": 0.054945622797027131, "N3H1s": 0.041154459755883582}, "GLY": {"C3H0b": 0.046730093062036127, "C4H2s": 0.024421999185880457, "O1H0u": 0.029586300777392757, "N3H1s": 0.052863740966321175}, "GLU": {"C3H0s": 0.021036633084888751, "C3H0b": 0.0, "C4H1s": 0.011863627127946901, "C4H2s": 0.0059517373125721473, "O1H0u": 0.050896103819735132, "N3H1s": 0.053874426834410738}, "CYS": {"C3H0s": 0.054022636145382746, "C4H1s": 0.053115937889748659, "N3H1s": 0.037571412330058875, "C4H2b": 0.045859599387983195, "O1H0u": 0.060596358130235124, "S2H1u": 0.048801506094710671}, "ASP": {"C3H0s": 0.053221084243173282, "C3H0b": 0.078064269471479264, "C4H1s": 0.031064879582022066, "C4H2s": 0.048274938342396441, "O1H0u": 0.048873325890948977, "N3H1s": 0.032770912193043726}, "SER": {"C3H0s": 0.042445155482565403, "C4H1s": 0.024779804516927448, "O2H1u": 0.010764412284570868, "C4H2s": 0.0, "O1H0u": 0.036176839618187184, "N3H1s": 0.021533306330797742}, "LYS": {"C3H0s": 0.047890915501505288, "C4H1s": 0.060086445698993345, "C4H2s": 0.037468147046616232, "O1H0u": 0.037640605997028134, "N3H1s": 0.056246597452331466}, "PRO": {"C4H1b": 0.040472804860671584, "C3H0s": 0.031606305593773379, "C4H2b": 0.0010273804692064181, "N3H0u": 0.030172763921006686, "O1H0u": 0.047561345714552006}, "ASN": {"C3H0s": 0.044529018211432382, "N3H2u": 0.0088123841006208514, "C4H1s": 0.04471483602264717, "C3H0b": 0.015312326413071359, "C4H2s": 0.011526864090000366, "O1H0u": 0.035887547919136217, "N3H1s": 0.056397524540166305}, "VAL": {"C3H0s": 0.044649671023417506, "C4H1s": 0.032920105694321543, "C4H1b": 0.041789919557081341, "C4H3u": 0.039575865150632474, "O1H0u": 0.055818179673285777, "N3H1s": 0.045790782340711544}, "THR": {"C3H0s": 0.046713749557228082, "C4H1s": 0.018303323421261525, "C4H1b": 0.0, "C4H3u": 0.0, "O1H0u": 0.050942251307368999, "N3H1s": 0.04228498204772721}, "HOH": {"O2H2u": 0.056134182732928042}, "HIS": {"C3H0s": 0.048783324040163174, "C3H0b": 0.05183782218099417, "C4H1s": 0.043817021104947285, "C4H2s": 0.0, "C3H1s": 0.020022010079550422, "O1H0u": 0.062741954266593181, "N3H1s": 0.03402362117406036, "N3H1b": 0.081110153326975243}, "TRP": {"C3H0s": 0.013583713583713575, "C3H0b": 0.053612852831932192, "C4H1s": 0.0057324488667772067, "N3H1s": 0.014916288160806646, "C4H2s": 0.0002830656673104559, "O1H0u": 0.012446190496092302, "C3H1b": 0.012748172645618228}, "PHE": {"C3H0s": 0.054427072964862683, "C3H0b": 0.045895708560415402, "C4H1s": 0.039035338386727611, "C3H1b": 0.036312288081707049, "C4H2s": 0.032374421583337143, "O1H0u": 0.044122744154337666, "N3H1s": 0.040543874270560935, "C3H1s": 0.056211382714034495}, "ALA": {"C3H0s": 0.040573365836013328, "C4H3u": 0.0, "C4H1b": 0.058703041018193097, "O1H0u": 0.010729068117490565, "N3H1s": 0.036246159051847422}, "MET": {"C3H0s": 0.050449375848406877, "S2H0u": 0.028925817976156742, "C4H1s": 0.046963865763021577, "C4H2b": 0.015826266647315401, "C4H2s": 0.021274804107517697, "O1H0u": 0.0069514378426764334, "C4H3u": 0.013243743327711444, "N3H1s": 0.070409597829365067}, "LEU": {"C3H0s": 0.045641480895173794, "C4H1s": 0.055460341450415597, "C4H1b": 0.072958967909006578, "C4H3u": 0.059601609096351205, "C4H2s": 0.034842813370943672, "O1H0u": 0.063598302182031802, "N3H1s": 0.050518316366877522}, "MES": {" ": 0.013873703373949661}, "ARG": {"C3H0s": 0.027705791023509934, "C3H0b": 0.0, "C4H1s": 0.012581988038703251, "C4H2s": 0.045898423064624896, "O1H0u": 0.038552746625215961, "N3H1s": 0.038895904074817876}, "TYR": {"C3H0s": 0.062432399169192083, "C3H0b": 0.074067825998520978, "C4H1s": 0.010492381614888757, "C4H2s": 0.036072222548784776, "O1H0u": 0.045075801409249563, "N3H1s": 0.050341013034572696, "C3H1s": 0.051569673120460985}}